{"camera": {"film_dimensions": [1920, 1080], "origin": [0.4088574945926666, 0.10187339782714844, 0.31179380416870117], "look_at": [-0.27773186724854426, -0.26622508605381845, -0.31518194175010805], "up": [-0.27180807726930034, 0.9297868237334974, -0.2482274423631987], "field_of_view": 39.59775192067671}, "settings": {"environment": [1.0, 0.699999988079071, 0.6000000238418579], "samples_per_pixel": 8, "max_ray_depth": 8}, "objects": {"Sponge": {"type": "mesh", "file": "/Users/sparkley/Desktop/renderer/scenes/objects/Sponge.obj", "material": {"type": "diffuse", "reflectance": [0.4527163505554199, 0.5749668478965759, 0.8000000715255737]}}}}