{
    "camera": {
        "film_dimensions": [1920, 1080], 
        "origin": [6.570271015167236, 1.4355988502502441, 2.085101366043091], 
        "look_at": [5.64497750548971, 1.2140821147743877, 1.7772667028227538], 
        "up": [-0.2101849383582639, 0.975156530359012, -0.06994251934782181], 
        "field_of_view": 39.59775192067671
    }, 
    "settings": {
        "environment": [1.0, 0.699999988079071, 0.6000000238418579], 
        "samples_per_pixel": 8, 
        "max_ray_depth": 8
    }, 
    "objects": {
        "Sponge": {
            "type": "mesh", 
            "file": "scenes/sponge/objects/Sponge.obj", 
            "material": {
                "type": "diffuse", 
                "color": [0.4527163505554199, 0.5749668478965759, 0.8000000715255737]
            }
        }
    }
}
